{"cameraMode":{"drawMode":0,"name":"Shaded","section":"Shading Mode"},"sceneLighting":false,"audioPlay":false,"sceneViewState":{"m_AlwaysRefresh":false,"showFog":true,"showSkybox":false,"showFlares":true,"showImageEffects":true,"showParticleSystems":true,"showVisualEffectGraphs":true,"m_FxEnabled":true},"in2DMode":false,"pivot":{"x":0.28799131512641909,"y":1.5446791648864747,"z":0.5761373043060303},"rotation":{"x":-0.16205693781375886,"y":0.6347020268440247,"z":-0.1384759396314621,"w":-0.742780327796936},"size":1.4054323434829713,"orthographic":false}